{"Camera1_M11139": [[-930.8634034713076, 635.3871529988696, 1082.7288694976853, 1612.9124398057156], [391.6039234023284, 1291.048000433379, 55.8171933050464, 2788.2765667639296], [-0.7458206769652276, 0.6510093106058809, -0.1412033828050355, 6.444282011126348]], "Camera2_M11140": [[-314.2717678090712, -985.7461976860944, 1166.699030476703, 860.348014245028], [-1336.7885090281065, -175.84744038060524, -67.30692315449059, 3697.539981637917], [-0.27580020120625404, -0.9586684378327786, -0.06992192301310218, 7.059375847926511]], "Camera3_M11141": [[16.81874450267062, 307.1374946213175, 2343.5837209527795, -3036.844812091843], [2151.9981653709137, 534.6726950102468, 117.83679013331644, 3702.1334728111187], [-0.020983549857546302, 0.9596892350875026, 0.2802789016186202, 7.243827260971917]], "Camera4_M11458": [[153.41798186337667, -261.3048749652096, -1527.5254443367592, 9819.014883303833], [1327.4045067196669, -90.68945676454945, -178.0932550644574, 3582.9450202362623], [0.2786570711133117, -0.8498048260514869, -0.4474170250875048, 8.150524071450873]], "Camera5_M11459": [[403.95309596560304, 631.0965590715334, -1374.3706160176814, 10331.884036833817], [-528.8251433333353, 1234.6371629794503, 45.75182855991375, 2293.2132160955343], [0.6734888761322639, 0.7197074110330439, -0.16862377124893457, 6.2578486504091195]], "Camera6_M11461": [[1705.9055346990692, 1405.1351725887348, 822.8630481838734, 4362.568852887072], [-534.8880035378565, 1733.214502054714, -1263.2489591077972, 10821.42047298945], [-0.3145166246228794, 0.677406972792788, 0.6649805155397726, 4.1669911948952]], "Camera7_M11462": [[-508.4901511041564, 486.19639604293366, 2253.6674693858768, -726.13402560133], [651.3879675464054, 2132.9034123797614, -77.69555931199343, 4053.4627403088894], [-0.8436215892769033, 0.5237098639207171, 0.11845080218409529, 7.71702272473468]], "Camera8_M11463": [[64.09203233643393, -4.974867769017749, 2362.2430865704146, -3630.2398620453487], [-326.2570355153804, -2197.781362382716, 228.22197191872002, 3260.6248001330523], [0.8603136808490993, -0.34182742714949416, 0.3781724217764054, 6.586572773187763]]}